,MinAbsPartialCharge,NumRadicalElectrons,HeavyAtomMolWt,MaxAbsEStateIndex,MaxAbsPartialCharge,MaxEStateIndex,MinPartialCharge,ExactMolWt,NumValenceElectrons,MinEStateIndex,MinAbsEStateIndex,MaxPartialCharge,BalabanJ,BertzCT,Chi0,Chi0n,Chi0v,Chi1,Chi1n,Chi1v,Chi2n,Chi2v,Chi3n,Chi3v,Chi4n,Chi4v,HallKierAlpha,Ipc,Kappa1,Kappa2,Kappa3,LabuteASA,PEOE_VSA1,PEOE_VSA10,PEOE_VSA11,PEOE_VSA12,PEOE_VSA13,PEOE_VSA14,PEOE_VSA2,PEOE_VSA3,PEOE_VSA4,PEOE_VSA5,PEOE_VSA6,PEOE_VSA7,PEOE_VSA8,PEOE_VSA9,SMR_VSA1,SMR_VSA10,SMR_VSA2,SMR_VSA3,SMR_VSA4,SMR_VSA5,SMR_VSA6,SMR_VSA7,SMR_VSA8,SMR_VSA9,SlogP_VSA1,SlogP_VSA10,SlogP_VSA11,SlogP_VSA12,SlogP_VSA2,SlogP_VSA3,SlogP_VSA4,SlogP_VSA5,SlogP_VSA6,SlogP_VSA7,SlogP_VSA8,SlogP_VSA9,TPSA,EState_VSA1,EState_VSA10,EState_VSA11,EState_VSA2,EState_VSA3,EState_VSA4,EState_VSA5,EState_VSA6,EState_VSA7,EState_VSA8,EState_VSA9,VSA_EState1,VSA_EState10,VSA_EState2,VSA_EState3,VSA_EState4,VSA_EState5,VSA_EState6,VSA_EState7,VSA_EState8,VSA_EState9,FractionCSP3,HeavyAtomCount,NHOHCount,NOCount,NumAliphaticCarbocycles,NumAliphaticHeterocycles,NumAliphaticRings,NumAromaticCarbocycles,NumAromaticHeterocycles,NumAromaticRings,NumHAcceptors,NumHDonors,NumHeteroatoms,NumRotatableBonds,NumSaturatedCarbocycles,NumSaturatedHeterocycles,NumSaturatedRings,RingCount,MolLogP,MolMR,fr_Al_COO,fr_Al_OH,fr_Al_OH_noTert,fr_ArN,fr_Ar_COO,fr_Ar_N,fr_Ar_NH,fr_Ar_OH,fr_COO,fr_COO2,fr_C_O,fr_C_O_noCOO,fr_C_S,fr_HOCCN,fr_Imine,fr_NH0,fr_NH1,fr_NH2,fr_N_O,fr_Ndealkylation1,fr_Ndealkylation2,fr_Nhpyrrole,fr_SH,fr_aldehyde,fr_alkyl_carbamate,fr_alkyl_halide,fr_allylic_oxid,fr_amide,fr_amidine,fr_aniline,fr_aryl_methyl,fr_azide,fr_azo,fr_barbitur,fr_benzene,fr_benzodiazepine,fr_bicyclic,fr_diazo,fr_dihydropyridine,fr_epoxide,fr_ester,fr_ether,fr_furan,fr_guanido,fr_halogen,fr_hdrzine,fr_hdrzone,fr_imidazole,fr_imide,fr_isocyan,fr_isothiocyan,fr_ketone,fr_ketone_Topliss,fr_lactam,fr_lactone,fr_methoxy,fr_morpholine,fr_nitrile,fr_nitro,fr_nitro_arom,fr_nitro_arom_nonortho,fr_nitroso,fr_oxazole,fr_oxime,fr_para_hydroxylation,fr_phenol,fr_phenol_noOrthoHbond,fr_phos_acid,fr_phos_ester,fr_piperdine,fr_piperzine,fr_priamide,fr_prisulfonamd,fr_pyridine,fr_quatN,fr_sulfide,fr_sulfonamd,fr_sulfone,fr_term_acetylene,fr_tetrazole,fr_thiazole,fr_thiocyan,fr_thiophene,fr_unbrch_alkane,fr_urea,aveaffinty
3547,0.24323205630300002,0.0,274.24,12.8317252457,0.31537037285999997,12.8317252457,-0.31537037285999997,291.104147784,106.0,-3.44641203704,0.374351851852,0.24323205630300002,2.08584103963,701.935725971,14.0017892322,11.118807583499999,11.9353041644,9.69350667864,6.73069229549,8.170755624289999,4.86059865099,6.76695551577,3.5576094463,5.51440280003,2.5181833875599997,4.211792809009999,-1.5,56228.921022300005,13.4815585961,5.474719908069999,2.41678097851,118.22206679700001,5.316788604009999,0.0,0.0,10.0232911534,0.0,0.0,4.98397852095,8.417796984330002,4.3052159913,0.0,12.1327341369,25.0983121658,42.8004047899,4.89548347552,8.417796984330002,20.7957395823,0.0,14.6059831162,0.0,11.316305098399999,26.1790256237,36.6591554171,0.0,0.0,5.316788604009999,0.0,0.0,0.0,43.8860171202,10.0232911534,0.0,6.42082162293,41.5546388926,0.0,10.7724484289,0.0,62.3,10.0232911534,8.417796984330002,0.0,0.0,24.5297526933,23.738026457800004,0.0,34.8980043399,6.06636706846,10.300767125,0.0,0.0,-3.44641203704,0.0,0.0,0.0,0.0,0.0,0.0,27.235079365100002,23.127999338600002,0.357142857143,20.0,1.0,5.0,0.0,1.0,1.0,1.0,1.0,2.0,4.0,1.0,6.0,2.0,0.0,1.0,1.0,3.0,1.2188,77.9885,0.0,0.0,0.0,0.0,0.0,1.0,0.0,0.0,0.0,0.0,0.0,0.0,0.0,0.0,0.0,2.0,1.0,0.0,0.0,0.0,0.0,0.0,0.0,0.0,0.0,0.0,0.0,0.0,0.0,0.0,0.0,0.0,0.0,0.0,1.0,0.0,1.0,0.0,0.0,0.0,0.0,0.0,0.0,0.0,0.0,0.0,0.0,0.0,0.0,0.0,0.0,0.0,0.0,0.0,0.0,0.0,0.0,0.0,0.0,0.0,0.0,0.0,0.0,0.0,0.0,0.0,0.0,0.0,0.0,0.0,0.0,0.0,0.0,1.0,0.0,0.0,1.0,0.0,0.0,0.0,0.0,0.0,0.0,0.0,0.0,1558.0
153999,0.25913916242199997,0.0,440.333,13.201412492100001,0.37496594892800006,13.201412492100001,-0.37496594892800006,468.21614075599996,178.0,-0.348032073813,0.0740584320148,0.25913916242199997,1.6218321693200002,1507.21562215,24.103719048800002,19.9527725249,19.9527725249,17.008040390799998,12.037894937999999,12.037894937999999,9.583601916989998,9.583601916989998,6.99353937138,6.99353937138,5.46651412319,5.46651412319,-3.68,162815431.525,21.826719517199997,8.51712038915,3.6772313589199994,203.11441552099998,18.7709719802,0.0,0.0,0.0,11.814359458699998,0.0,14.9058629721,0.0,0.0,0.0,36.398202410799996,32.6488997252,64.9607092085,23.857057412399996,14.3259373219,44.766418383,0.0,19.3508976304,0.0,25.6143008225,27.2469823358,72.0515266743,0.0,0.0,5.316788604009999,0.0,0.0,0.0,59.1994172087,27.4154501338,0.0,17.5477246063,60.9246236909,0.0,32.9520589243,0.0,68.5,0.0,9.589074368139999,0.0,17.9183258465,24.2978474306,52.4430872823,0.0,0.0,48.791889553999994,45.5789757327,4.7368629538,0.0,0.0,0.0,0.0,0.0,0.0,0.0,0.0,4.31900604686,71.1809939531,0.28571428571400004,35.0,1.0,7.0,0.0,2.0,2.0,2.0,2.0,4.0,6.0,1.0,7.0,2.0,0.0,0.0,0.0,6.0,3.5137,136.7507,0.0,0.0,0.0,0.0,0.0,2.0,0.0,0.0,0.0,0.0,2.0,2.0,0.0,0.0,0.0,3.0,1.0,0.0,0.0,1.0,0.0,0.0,0.0,0.0,0.0,0.0,0.0,2.0,0.0,0.0,1.0,0.0,0.0,0.0,2.0,0.0,12.0,0.0,0.0,0.0,0.0,1.0,0.0,0.0,0.0,0.0,0.0,0.0,1.0,0.0,0.0,0.0,0.0,0.0,0.0,0.0,0.0,0.0,0.0,0.0,0.0,0.0,0.0,0.0,2.0,0.0,0.0,0.0,0.0,0.0,0.0,0.0,0.0,0.0,0.0,0.0,0.0,0.0,0.0,0.0,0.0,0.0,0.0,0.0,0.0,5400.0
176167,0.25913916414500004,0.0,486.385,13.3391031317,0.349902300462,13.3391031317,-0.349902300462,515.232125168,194.0,-0.341653876632,0.31055905721099997,0.25913916414500004,1.28809957531,1770.53581052,26.509496442800003,21.8011389067,21.8011389067,19.080520035899998,13.4485370499,13.4485370499,10.4996673967,10.4996673967,8.16964235987,8.16964235987,6.29246774716,6.29246774716,-4.49,1845199184.75,23.6139874774,9.36088506214,3.9731423336900002,225.912670364,9.13419929558,0.0,0.0,0.0,11.814359458699998,0.0,24.789751223899998,0.0,0.0,0.0,42.4645694792,37.1071115197,84.247065592,16.840137055,9.589074368139999,44.766418383,0.0,24.3348761514,7.04767198268,25.4282404809,13.0895128118,102.14139944600001,0.0,0.0,5.316788604009999,0.0,0.0,0.0,43.9219598179,23.181502756700002,0.0,35.7043150532,85.3205684679,0.0,32.9520589243,0.0,72.16,0.0,9.589074368139999,0.0,11.814359458699998,17.1880498893,71.102593306,0.0,0.0,72.53939532140001,44.1637212806,0.0,0.0,0.0,0.0,0.0,0.0,0.0,0.0,0.0,4.33329089144,78.33337577520001,0.21875,39.0,1.0,7.0,0.0,2.0,2.0,2.0,3.0,5.0,6.0,1.0,7.0,5.0,0.0,1.0,1.0,7.0,4.9323,152.6057,0.0,0.0,0.0,0.0,0.0,3.0,0.0,0.0,0.0,0.0,2.0,2.0,0.0,0.0,0.0,4.0,1.0,0.0,0.0,0.0,1.0,0.0,0.0,0.0,0.0,0.0,0.0,2.0,0.0,0.0,1.0,0.0,0.0,0.0,2.0,0.0,2.0,0.0,0.0,0.0,0.0,0.0,0.0,0.0,0.0,0.0,0.0,0.0,1.0,0.0,0.0,0.0,0.0,0.0,0.0,0.0,0.0,0.0,0.0,0.0,0.0,0.0,0.0,0.0,2.0,0.0,0.0,0.0,0.0,1.0,0.0,0.0,0.0,1.0,0.0,0.0,0.0,0.0,0.0,0.0,0.0,0.0,0.0,0.0,0.0,330.0
5154691,0.163603682582,0.0,310.255,6.17549083522,0.38297489926899997,6.17549083522,-0.38297489926899997,331.179695672,126.0,-0.18447503306899998,0.18447503306899998,0.163603682582,1.92483475747,1067.27503244,17.6040835278,14.6921135859,14.6921135859,11.9485083084,8.401580889069999,8.401580889069999,7.3018828965199996,7.3018828965199996,4.4397435745,4.4397435745,3.2634438868999998,3.2634438868999998,-2.95,658167.559872,15.5703126681,5.549307332760001,2.61487337845,146.06295707700002,5.73366747716,12.1451828526,5.647177220770001,0.0,0.0,0.0,0.0,14.649759977,5.098681808299999,0.0,42.4645694792,37.1071115197,6.42082162293,16.6190774617,0.0,27.623712641999997,0.0,19.7484417853,0.0,32.7309584744,5.73366747716,60.0492690405,0.0,0.0,5.73366747716,5.81786277784,0.0,0.0,19.7484417853,11.9597468753,0.0,32.0285910856,48.791889553999994,0.0,21.805849864200002,0.0,69.62,0.0,0.0,0.0,5.53892525238,12.238684400799999,16.7273294301,22.6632199954,0.0,4.6818029351499995,73.2037381202,10.8323492855,0.0,0.0,0.0,0.0,0.0,0.0,0.0,0.0,1.9452749433099996,49.471391723400004,0.25,25.0,2.0,5.0,0.0,0.0,0.0,2.0,2.0,4.0,5.0,1.0,5.0,2.0,0.0,0.0,0.0,4.0,3.9075,101.4854,0.0,0.0,0.0,1.0,0.0,4.0,0.0,0.0,0.0,0.0,0.0,0.0,0.0,0.0,0.0,4.0,0.0,1.0,0.0,0.0,0.0,0.0,0.0,0.0,0.0,0.0,0.0,0.0,0.0,1.0,0.0,0.0,0.0,0.0,2.0,0.0,2.0,0.0,0.0,0.0,0.0,0.0,0.0,0.0,0.0,0.0,0.0,0.0,0.0,0.0,0.0,0.0,0.0,0.0,0.0,0.0,0.0,0.0,0.0,0.0,0.0,0.0,0.0,0.0,0.0,0.0,0.0,0.0,0.0,0.0,0.0,0.0,0.0,0.0,0.0,0.0,0.0,0.0,0.0,0.0,0.0,0.0,0.0,0.0,0.0,500.0
5353940,0.178182431794,0.0,317.238,13.278008648800002,0.339093063061,13.278008648800002,-0.339093063061,331.112090288,122.0,-0.28147696733000005,0.0384987076149,0.178182431794,1.7925455126499998,936.1956039219999,17.225403871300003,13.1616295892,13.1616295892,12.2035099382,7.796255507180001,7.796255507180001,5.6421591499199995,5.6421591499199995,3.9948838985900004,3.9948838985900004,2.74033894559,2.74033894559,-3.47,997020.0734459999,15.080885136300001,6.203017708049999,2.9930860677099997,143.64933177,10.633577208,11.6381949371,5.78324494636,0.0,0.0,0.0,9.77851570502,4.3904150476699995,0.0,0.0,0.0,60.702282838100004,29.093694656700002,11.394078626099999,9.18495223175,17.1773235725,0.0,15.617555729000001,0.0,0.0,0.0,101.43417243200001,0.0,0.0,10.633577208,4.3904150476699995,0.0,0.0,10.767223467300001,4.794537184069999,5.81722084105,11.126902983399999,84.4900486074,0.0,11.394078626099999,0.0,54.02,0.0,9.18495223175,0.0,11.6004657874,0.0,33.9150602356,24.2847743506,36.6784614938,12.1327341369,15.617555729000001,0.0,0.0,0.0,0.0,0.0,0.0,0.0,0.0,0.0,13.278008648800002,47.0553246845,0.0,25.0,2.0,4.0,1.0,1.0,2.0,1.0,1.0,2.0,4.0,2.0,5.0,2.0,0.0,0.0,0.0,4.0,3.1460000000000004,94.0354,0.0,0.0,0.0,0.0,0.0,1.0,0.0,0.0,0.0,0.0,1.0,1.0,0.0,0.0,0.0,1.0,2.0,0.0,0.0,0.0,0.0,0.0,0.0,0.0,0.0,0.0,5.0,0.0,0.0,0.0,0.0,0.0,0.0,0.0,1.0,0.0,0.0,0.0,0.0,0.0,0.0,0.0,0.0,0.0,1.0,0.0,0.0,0.0,0.0,0.0,0.0,1.0,0.0,0.0,0.0,0.0,0.0,0.0,0.0,0.0,0.0,0.0,0.0,0.0,0.0,0.0,0.0,0.0,0.0,0.0,0.0,0.0,0.0,1.0,0.0,0.0,0.0,0.0,0.0,0.0,0.0,0.0,0.0,0.0,0.0,1700.0
11213558,0.268733213943,0.0,447.277,14.4389625649,0.492633536444,14.4389625649,-0.492633536444,470.171396056,178.0,-1.0180775324200002,0.10603579883400001,0.268733213943,1.58228985211,1227.4450584,24.4574546789,19.1475980578,19.1475980578,16.2330451307,10.118764133300001,10.118764133300001,7.663899863839999,7.663899863839999,4.91353806609,4.91353806609,3.18587116889,3.18587116889,-4.35,35160434.8018,22.8300876623,8.88538789654,4.42068179273,194.18412409400003,34.8978176272,5.81786277784,40.3025327076,11.6978511143,5.907179729349999,0.0,4.794537184069999,14.3583720896,4.98397852095,0.0,0.0,25.9802085363,17.8201204116,27.5262361954,28.1324040469,34.9964936185,0.0,14.9519355628,0.0,19.4485252104,37.2797584359,36.2795326865,0.0,22.9980473331,34.8978176272,33.4797289368,22.9980473331,0.0,47.789558727,4.794537184069999,5.81722084105,13.847474399400001,30.4623118455,0.0,0.0,0.0,128.75,11.418271652,9.18495223175,0.0,29.3091073438,28.685433607800004,6.1968435716100005,21.3293926238,38.1129426732,0.0,30.9023013749,18.9474518152,0.0,0.0,0.0,0.0,0.0,0.0,0.0,0.0,14.4389625649,70.64437076850001,0.272727272727,34.0,3.0,11.0,0.0,1.0,1.0,1.0,2.0,3.0,10.0,3.0,12.0,7.0,0.0,0.0,0.0,4.0,3.6332,122.2271,0.0,0.0,0.0,0.0,0.0,3.0,0.0,0.0,0.0,0.0,1.0,1.0,0.0,0.0,0.0,3.0,3.0,0.0,0.0,0.0,0.0,0.0,0.0,0.0,0.0,0.0,0.0,1.0,0.0,5.0,0.0,0.0,0.0,0.0,1.0,0.0,1.0,0.0,0.0,0.0,0.0,4.0,0.0,0.0,1.0,0.0,0.0,0.0,0.0,0.0,0.0,0.0,0.0,0.0,0.0,3.0,0.0,0.0,0.0,0.0,0.0,0.0,0.0,0.0,0.0,0.0,0.0,0.0,0.0,0.0,0.0,0.0,0.0,1.0,0.0,0.0,0.0,0.0,0.0,0.0,0.0,0.0,0.0,0.0,0.0,600.0
11314340,0.137779178363,0.0,336.269,6.21394652436,0.49032586390199995,6.21394652436,-0.49032586390199995,358.179361324,136.0,-0.06853131396420001,0.06853131396420001,0.137779178363,1.4583614109399998,1042.56858752,18.6396174337,15.2224425433,15.2224425433,13.186673185799998,9.01321197229,9.01321197229,6.75066002339,6.75066002339,4.59590132871,4.59590132871,3.15242782145,3.15242782145,-3.18,2486009.66569,17.244693916,7.59594975895,3.9853791465400006,157.757370399,10.470530431,12.3563937978,0.0,0.0,0.0,0.0,10.0826603292,0.0,5.098681808299999,0.0,36.398202410799996,42.6705630114,28.882288101799997,11.713544289200001,4.7368629538,10.902924932100001,0.0,15.1813421375,5.73366747716,19.3863996518,6.606881964509999,78.2483702459,0.0,16.876414816700002,10.470530431,0.0,5.749511833280001,0.0,27.8300649312,6.42082162293,6.92373719969,11.257379486500001,66.99099075939999,0.0,22.0298279155,0.0,76.82,0.0,0.0,0.0,6.04184082915,6.606881964509999,39.8940893665,5.5634514916999995,6.1968435716100005,49.5187831821,33.3804433429,10.470530431,0.0,0.0,0.0,0.0,0.0,0.0,0.0,0.0,0.0,56.0,0.181818181818,27.0,3.0,5.0,0.0,0.0,0.0,2.0,2.0,4.0,4.0,2.0,5.0,6.0,0.0,0.0,0.0,4.0,3.8821199999999996,107.6781,0.0,0.0,0.0,0.0,0.0,3.0,1.0,0.0,0.0,0.0,0.0,0.0,0.0,0.0,0.0,2.0,1.0,1.0,0.0,0.0,0.0,1.0,0.0,0.0,0.0,0.0,0.0,0.0,0.0,0.0,1.0,0.0,0.0,0.0,2.0,0.0,1.0,0.0,0.0,0.0,0.0,1.0,0.0,0.0,0.0,0.0,0.0,0.0,0.0,0.0,0.0,0.0,0.0,0.0,0.0,0.0,0.0,0.0,0.0,0.0,0.0,0.0,0.0,0.0,0.0,0.0,0.0,0.0,0.0,0.0,0.0,0.0,0.0,1.0,0.0,0.0,0.0,0.0,0.0,0.0,0.0,0.0,0.0,0.0,0.0,56.0
11409972,0.416299506878,0.0,499.327,13.841588805899999,0.438849015915,13.841588805899999,-0.438849015915,529.24130786,202.0,-4.5394844576899995,0.0541018927094,0.416299506878,1.3663228357100001,1230.25656127,27.1227450968,21.1780374918,21.1780374918,18.2280278516,12.237708634,12.237708634,8.77714314264,8.77714314264,6.21194807087,6.21194807087,4.1130076849,4.1130076849,-3.9,267035458.19,27.143293785999997,12.0962016023,7.32594802749,218.56940491400002,25.5871384967,17.8946946859,0.0,5.87998833644,0.0,12.2074130298,4.89990973085,14.762494226,13.171245143,0.0,12.9901042682,48.5064103084,57.2125936301,5.5634514916999995,22.7026452809,23.223749839499998,0.0,19.7677765036,0.0,19.644792123,55.721819824300006,65.9851596059,0.0,11.6295001697,20.6872287658,35.158417654299996,11.6295001697,0.0,65.5703450282,12.721054923399999,0.0,18.0506401831,54.8582566225,0.0,0.0,0.0,94.65,17.770864521500002,17.9657823271,0.0,17.7955941723,36.2242620341,25.700636286199998,18.4600542117,37.379507325,4.89990973085,37.7419697845,4.7368629538,0.0,0.0,0.0,0.0,0.0,0.0,0.0,0.0,41.5247664178,56.0585669155,0.346153846154,38.0,3.0,9.0,0.0,1.0,1.0,2.0,1.0,3.0,7.0,3.0,12.0,8.0,0.0,1.0,1.0,4.0,5.1109,139.5711,0.0,0.0,0.0,0.0,0.0,2.0,0.0,0.0,0.0,0.0,1.0,1.0,0.0,0.0,0.0,4.0,3.0,0.0,0.0,1.0,0.0,0.0,0.0,0.0,0.0,3.0,0.0,2.0,0.0,3.0,0.0,0.0,0.0,0.0,2.0,0.0,0.0,0.0,0.0,0.0,0.0,1.0,0.0,0.0,3.0,0.0,0.0,0.0,0.0,0.0,0.0,0.0,0.0,0.0,0.0,0.0,0.0,0.0,0.0,0.0,0.0,0.0,0.0,0.0,0.0,0.0,0.0,0.0,0.0,0.0,1.0,0.0,0.0,0.0,0.0,0.0,0.0,0.0,0.0,0.0,0.0,0.0,0.0,0.0,1.0,3700.0
11485656,0.323264400491,0.0,357.26300000000003,13.782611006300002,0.38169324673,13.782611006300002,-0.38169324673,375.149538416,140.0,-0.515342078189,0.135398996146,0.323264400491,1.5242046044100002,1167.35846099,19.6729976285,15.0842793201,15.0842793201,13.5080403908,8.682413124450001,8.682413124450001,6.47675591722,6.47675591722,4.4412399776300004,4.4412399776300004,3.09103776102,3.09103776102,-3.87,3147705.0721400003,17.5391684805,7.03396399839,3.37213034907,160.12107483,16.3672446852,5.81722084105,5.81786277784,0.0,0.0,6.031114512339999,5.098681808299999,9.18495223175,5.098681808299999,0.0,30.3318353423,53.9459270171,5.687386274680001,16.5903112068,9.18495223175,34.1266747716,0.0,10.197363616599999,0.0,6.92373719969,16.3672446852,72.0443430174,0.0,11.126902983399999,16.3672446852,26.3775875589,0.0,0.0,16.2284781289,0.0,12.740958040699999,5.5634514916999995,60.6636706846,0.0,22.0298279155,0.0,95.83,11.8483353534,9.18495223175,0.0,5.687386274680001,11.5052490525,27.593279407199997,6.06636706846,24.2654682738,37.255572541999996,20.8309408246,5.73366747716,0.0,0.0,0.0,0.0,0.0,0.0,0.0,0.0,13.782611006300002,54.3840556603,0.047619047619,28.0,5.0,6.0,0.0,0.0,0.0,3.0,1.0,4.0,3.0,4.0,7.0,3.0,0.0,0.0,0.0,4.0,4.90362,109.7205,0.0,0.0,0.0,1.0,0.0,2.0,1.0,0.0,0.0,0.0,1.0,1.0,0.0,0.0,0.0,1.0,3.0,1.0,0.0,0.0,0.0,1.0,0.0,0.0,0.0,0.0,0.0,2.0,0.0,3.0,1.0,0.0,0.0,0.0,3.0,0.0,1.0,0.0,0.0,0.0,0.0,0.0,0.0,0.0,1.0,0.0,0.0,0.0,0.0,0.0,0.0,0.0,0.0,0.0,0.0,0.0,0.0,0.0,0.0,0.0,0.0,0.0,0.0,0.0,0.0,0.0,0.0,0.0,0.0,0.0,0.0,0.0,0.0,0.0,0.0,0.0,0.0,0.0,0.0,0.0,0.0,0.0,0.0,0.0,1.0,6900.0
16038120,0.228839902948,0.0,573.896,12.9086115228,0.49449803967699996,12.9086115228,-0.49449803967699996,613.26018682,226.0,-3.5219242401199997,0.188900121957,0.228839902948,1.28355425512,1487.96801448,29.8547959044,24.6773825538,26.249808080700003,20.1502354745,14.4051759681,16.329459919,11.1721301225,14.051984233099999,8.12684257762,10.6136906247,5.49111659623,6.83112635358,-3.12,2428113295.12,30.341471792199997,13.0306694767,6.74806003262,253.50385000400001,25.170259623499998,10.772145147,15.655115914300001,5.94833928099,0.0,0.0,4.89990973085,13.4017755053,4.98397852095,0.0,23.7336740272,58.0022579018,57.0641326078,34.8268351678,13.1546599381,50.2665539095,0.0,19.7677765036,0.0,42.8763799799,68.9594948983,53.6840463646,0.0,5.749511833280001,20.2703498927,28.8283608829,5.749511833280001,11.6009398902,92.90336030649999,9.83725313642,0.0,26.6891176452,53.5568965264,5.02263331374,0.0,0.0,102.93,15.0871911664,8.417796984330002,0.0,9.91811678926,34.9323272706,57.797567956,6.1968435716100005,45.2227402145,12.1327341369,48.415302493599995,16.337802844000002,0.0,2.88779878984,0.0,0.0,0.0,0.0,0.0,0.0,25.8172230456,62.8227559423,0.46666666666699996,42.0,2.0,10.0,0.0,2.0,2.0,2.0,1.0,3.0,10.0,2.0,12.0,9.0,0.0,2.0,2.0,5.0,5.0241,169.6702,0.0,0.0,0.0,0.0,0.0,2.0,0.0,0.0,0.0,0.0,0.0,0.0,0.0,0.0,0.0,5.0,2.0,0.0,0.0,1.0,0.0,0.0,0.0,0.0,0.0,0.0,0.0,0.0,0.0,5.0,0.0,0.0,0.0,0.0,2.0,0.0,0.0,0.0,0.0,0.0,0.0,1.0,0.0,0.0,1.0,0.0,0.0,0.0,0.0,0.0,0.0,0.0,0.0,0.0,0.0,1.0,0.0,0.0,0.0,0.0,0.0,0.0,0.0,0.0,1.0,0.0,0.0,0.0,0.0,1.0,1.0,0.0,0.0,0.0,0.0,0.0,0.0,1.0,0.0,0.0,0.0,0.0,0.0,0.0,0.0,4000.0
16725726,0.199152756235,0.0,398.277,10.0218724533,0.48934504692,10.0218724533,-0.48934504692,425.217537724,164.0,-1.1589577541299998,0.15077720619899998,0.199152756235,1.8251446101700002,1127.72635336,22.0098609217,17.9744696486,17.9744696486,14.8703232599,10.4375373922,10.4375373922,8.178409535910001,8.178409535910001,5.1384110366,5.1384110366,3.6356095717900003,3.6356095717900003,-3.16,12708869.6487,21.0865492791,8.52861111873,4.47411645251,179.700101152,25.460946077600003,22.3283802411,23.085707104,0.0,0.0,0.0,0.0,14.5969959788,0.0,0.0,5.92043431886,56.3913720839,19.007418858,12.803725536099998,14.472429285499999,16.8512642131,0.0,30.1651718079,5.91790604616,45.7586620618,25.430062253499997,11.890771566500002,0.0,29.108712963800002,15.787319035,5.81786277784,5.749511833280001,0.0,55.252356186099995,6.544756405909999,17.7587746839,39.3067828398,10.8258825085,0.0,22.5517339281,0.0,137.14,5.60105081098,5.1065273948400005,0.0,5.81786277784,47.548017455200004,31.447856775300004,0.0,20.044317970999998,11.4908368475,32.4549622769,20.083547888800002,0.0,0.0,0.0,0.0,0.0,0.0,0.0,0.0,6.7226268524099995,63.0273731476,0.52380952381,31.0,4.0,10.0,0.0,1.0,1.0,0.0,3.0,3.0,10.0,3.0,10.0,5.0,0.0,1.0,1.0,4.0,1.5842,115.1709,0.0,1.0,0.0,1.0,0.0,5.0,0.0,0.0,0.0,0.0,0.0,0.0,0.0,0.0,0.0,5.0,1.0,1.0,0.0,0.0,0.0,0.0,0.0,0.0,0.0,0.0,0.0,0.0,0.0,1.0,1.0,0.0,0.0,0.0,0.0,0.0,1.0,0.0,0.0,0.0,0.0,1.0,0.0,0.0,0.0,0.0,0.0,1.0,0.0,0.0,0.0,0.0,0.0,0.0,0.0,0.0,0.0,0.0,0.0,0.0,0.0,0.0,0.0,0.0,0.0,0.0,0.0,0.0,0.0,1.0,0.0,0.0,0.0,1.0,0.0,0.0,0.0,0.0,0.0,0.0,0.0,0.0,0.0,0.0,0.0,19.0
24905147,0.16189944265,0.0,292.217,9.62314262128,0.507941542574,9.62314262128,-0.507941542574,308.138559132,116.0,0.188863693626,0.188863693626,0.16189944265,1.9532025411200002,963.0211335660001,16.1374637226,12.7775198618,12.7775198618,11.0417138957,7.34860406737,7.34860406737,5.79256993513,5.79256993513,3.88380556515,3.88380556515,2.79699822505,2.79699822505,-3.09,291349.163448,13.564510914300001,4.70383295331,2.00667336525,132.03585641200002,10.840194872,17.8946946859,5.81786277784,0.0,0.0,0.0,10.4347039211,14.9603617745,0.0,0.0,0.0,38.1225957116,11.2604908048,22.314760566100002,5.1065273948400005,23.4087849756,0.0,15.393748439000001,4.99240473264,19.8893152285,10.742580001099999,46.3627925088,0.0,5.749511833280001,26.7442518221,11.635725555699999,5.749511833280001,0.0,21.1163252659,0.0,0.0,19.4109258911,35.215865325799996,0.0,11.773059419900001,0.0,99.66,0.0,5.1065273948400005,0.0,11.7913526624,5.81786277784,33.3512733196,6.327320074759999,18.199101205399998,11.0849326308,34.233627571,5.73366747716,0.0,0.0,0.0,0.0,0.0,0.0,0.0,0.0,0.0,52.1666666667,0.1875,23.0,4.0,7.0,0.0,2.0,2.0,1.0,1.0,2.0,7.0,3.0,7.0,1.0,0.0,0.0,0.0,4.0,0.2799,87.4679,0.0,0.0,0.0,1.0,0.0,2.0,0.0,1.0,0.0,0.0,0.0,0.0,0.0,0.0,0.0,4.0,1.0,1.0,0.0,0.0,0.0,0.0,0.0,0.0,0.0,0.0,1.0,0.0,0.0,2.0,0.0,0.0,0.0,0.0,1.0,0.0,2.0,0.0,0.0,0.0,0.0,0.0,0.0,0.0,0.0,1.0,0.0,0.0,0.0,0.0,0.0,0.0,0.0,0.0,0.0,0.0,0.0,0.0,0.0,0.0,0.0,0.0,0.0,0.0,0.0,1.0,1.0,0.0,0.0,0.0,0.0,0.0,0.0,0.0,0.0,0.0,0.0,0.0,0.0,0.0,0.0,0.0,0.0,0.0,0.0,3700.0
25190790,0.251566748968,0.0,1234.778,14.578216273199999,0.38694093985,14.578216273199999,-0.38694093985,1329.78273286,524.0,-1.61063129907,0.004377225830289999,0.251566748968,1.8407831967800001,2988.61722151,69.8642923471,52.3153607264,52.3153607264,44.5870184221,30.2460496425,30.2460496425,21.6343099262,21.6343099262,14.053086215499999,14.053086215499999,9.34083420557,9.34083420557,-10.39,1.51438490249e+23,77.8528424739,41.1650431991,28.836184012600004,540.311221218,132.43878265200001,60.3029985428,59.5542349695,41.350258105500004,5.907179729349999,0.0,72.8778255162,14.9519355628,0.0,0.0,6.42082162293,89.89150272100001,52.2341164643,6.327320074759999,53.3062152161,99.9965059635,0.0,56.7365554387,104.492105599,163.523991276,51.546962318599995,12.6546401495,0.0,0.0,117.488864908,5.81786277784,0.0,0.0,213.123094227,43.093160426400004,0.0,108.961047138,42.609068545300005,0.0,11.163877938399999,0.0,752.5,108.048283144,48.569352262299994,0.0,188.44386569099998,12.841643245899999,0.0,17.2217397973,0.0,0.0,82.1238841867,85.0082076341,0.0,0.0,0.0,0.0,0.0,0.0,0.0,0.0,1.33033398557,252.836332681,0.634615384615,94.0,37.0,42.0,0.0,1.0,1.0,0.0,2.0,2.0,22.0,23.0,42.0,44.0,0.0,1.0,1.0,3.0,-10.58,347.3801,0.0,2.0,2.0,1.0,0.0,4.0,0.0,0.0,0.0,0.0,8.0,8.0,0.0,0.0,6.0,10.0,7.0,14.0,0.0,0.0,0.0,0.0,0.0,0.0,0.0,0.0,0.0,8.0,0.0,1.0,0.0,0.0,0.0,0.0,0.0,0.0,1.0,0.0,0.0,0.0,0.0,1.0,0.0,6.0,0.0,0.0,0.0,1.0,0.0,0.0,0.0,0.0,0.0,0.0,0.0,0.0,0.0,0.0,0.0,0.0,0.0,0.0,0.0,0.0,0.0,0.0,0.0,0.0,0.0,0.0,0.0,1.0,0.0,0.0,0.0,0.0,0.0,0.0,0.0,0.0,0.0,0.0,0.0,9.0,0.0,58.65
44299148,0.252133443347,0.0,440.333,13.3220807397,0.37479134115400004,13.3220807397,-0.37479134115400004,466.20049069199996,176.0,-0.7598920540440001,0.0035672293608800002,0.252133443347,1.72290830116,1748.01257454,23.6370992436,19.8842385859,19.8842385859,17.0798653531,12.2531214832,12.2531214832,10.1374733957,10.1374733957,8.59624047028,8.59624047028,7.33428657168,7.33428657168,-3.39,283668581.964,19.8678810774,6.42895909166,2.12402399097,201.11658967099999,29.2415024112,12.331867558499999,5.72498559397,0.0,5.907179729349999,0.0,4.794537184069999,0.0,0.0,0.0,36.398202410799996,31.667594811,47.6621132571,27.6302543622,14.268263091700002,49.5188794577,0.0,19.7677765036,0.0,43.9880092101,14.157469524000001,59.657839531099995,0.0,0.0,10.633577208,0.0,0.0,0.0,41.3446557658,21.7434679075,0.0,35.4939001608,48.5309365477,0.0,43.611699728299996,0.0,69.45,5.72498559397,4.794537184069999,0.0,24.280888116999996,6.544756405909999,61.1594243346,0.0,7.10979754128,7.04767198268,75.222450251,9.4737259076,0.0,0.0,0.0,0.0,0.0,0.0,0.0,0.0,4.700250850340001,66.883082483,0.321428571429,35.0,2.0,7.0,0.0,3.0,3.0,3.0,2.0,5.0,6.0,2.0,7.0,2.0,0.0,1.0,1.0,8.0,4.354,135.6479,0.0,0.0,0.0,0.0,0.0,2.0,0.0,0.0,0.0,0.0,1.0,1.0,0.0,0.0,0.0,2.0,2.0,0.0,0.0,1.0,0.0,0.0,0.0,0.0,0.0,0.0,0.0,1.0,0.0,0.0,0.0,0.0,0.0,0.0,3.0,0.0,13.0,0.0,0.0,0.0,0.0,2.0,0.0,0.0,0.0,0.0,0.0,0.0,0.0,0.0,0.0,0.0,0.0,0.0,0.0,1.0,0.0,0.0,0.0,0.0,0.0,0.0,0.0,0.0,2.0,0.0,0.0,0.0,0.0,0.0,0.0,0.0,0.0,0.0,0.0,0.0,0.0,0.0,0.0,0.0,0.0,0.0,0.0,0.0,0.0,19.0
44417818,0.251566748968,0.0,1561.05,14.8638250655,0.38694093985,14.8638250655,-0.38694093985,1676.91309539,652.0,-3.83028136359,0.00680070343546,0.251566748968,1.27497643731,4250.2303364,86.6945087041,65.732066298,66.5485628789,56.2536516472,38.488392157199996,39.9715554048,27.4557622688,29.1911373845,18.0702532508,19.5894431492,12.127147748699999,13.3865680821,-12.22,1.42100269092e+33,96.3637956574,50.9819705876,34.686868136,680.421158698,132.02190377899998,60.3029985428,59.5542349695,57.280728988199996,5.907179729349999,0.0,87.9731298252,28.091827411599997,0.0,0.0,24.974377382800004,121.41063651,94.9105864712,11.2228035503,66.51854938449999,126.699425275,0.0,77.0762060321,98.7584381218,194.102761243,71.1812315363,49.3137955666,0.0,0.0,127.110869504,5.81786277784,0.0,0.0,252.066318679,57.9109887639,0.0,134.644333629,84.1637074379,0.0,21.9363263673,0.0,826.67,123.978754026,61.7816864307,0.0,206.304927195,55.9660693554,0.0,29.4849504374,24.395944776999997,0.0,102.46353478,79.2745401569,0.0,-3.83028136359,0.0,0.0,0.0,0.0,0.0,0.0,27.5418134734,288.03846789,0.579710144928,118.0,38.0,48.0,0.0,1.0,1.0,1.0,3.0,4.0,27.0,25.0,49.0,55.0,0.0,1.0,1.0,5.0,-8.7458,439.6046,0.0,2.0,2.0,1.0,0.0,5.0,0.0,0.0,0.0,0.0,9.0,9.0,0.0,0.0,6.0,11.0,10.0,13.0,0.0,0.0,0.0,0.0,0.0,0.0,0.0,0.0,0.0,9.0,0.0,1.0,0.0,0.0,0.0,0.0,1.0,0.0,2.0,0.0,0.0,0.0,0.0,1.0,0.0,6.0,0.0,0.0,0.0,1.0,1.0,0.0,0.0,0.0,0.0,0.0,0.0,0.0,0.0,0.0,0.0,0.0,0.0,0.0,0.0,0.0,0.0,0.0,0.0,0.0,0.0,0.0,0.0,0.0,0.0,1.0,0.0,0.0,1.0,0.0,0.0,0.0,0.0,0.0,0.0,15.0,0.0,36.15
71717270,0.252133443347,0.0,418.30300000000005,13.1637705333,0.393180301972,13.1637705333,-0.393180301972,439.153206152,164.0,-1.47732280644,0.0555242058243,0.252133443347,1.77557123287,1730.45054813,22.2752919241,17.9228237292,17.9228237292,15.983112013800001,11.287180384300001,11.287180384300001,9.672362453189999,9.672362453189999,8.23350285387,8.23350285387,6.731937741169999,6.731937741169999,-3.39,98632045.2486,18.083174168499998,5.39013794612,1.7494532606200002,187.31176553400002,29.4009056431,11.828951981700001,5.72498559397,0.0,5.907179729349999,0.0,4.794537184069999,0.0,0.0,0.0,36.398202410799996,24.6199228283,34.5104748867,34.2371363267,19.7444549276,49.5188794577,0.0,14.450987899600001,0.0,37.4432528042,6.606881964509999,59.657839531099995,0.0,0.0,5.316788604009999,0.0,0.0,0.0,37.462366590100004,17.0066049537,0.0,35.4939001608,48.5309365477,0.0,43.611699728299996,0.0,88.65,24.1608195402,15.0075919738,0.0,12.3280013523,6.544756405909999,54.738602711700004,0.0,0.0,49.3883066789,20.5173549681,4.7368629538,0.0,0.0,0.0,0.0,0.0,0.0,0.0,0.0,4.20319066515,69.4634760015,0.269230769231,33.0,3.0,7.0,0.0,3.0,3.0,3.0,2.0,5.0,6.0,3.0,7.0,1.0,0.0,1.0,1.0,8.0,3.4744,124.0388,0.0,2.0,1.0,0.0,0.0,2.0,0.0,0.0,0.0,0.0,1.0,1.0,0.0,0.0,0.0,2.0,1.0,0.0,0.0,0.0,0.0,0.0,0.0,0.0,0.0,0.0,0.0,1.0,0.0,0.0,0.0,0.0,0.0,0.0,3.0,0.0,13.0,0.0,0.0,0.0,0.0,1.0,0.0,0.0,0.0,0.0,0.0,0.0,0.0,0.0,0.0,0.0,0.0,0.0,0.0,0.0,0.0,0.0,0.0,0.0,0.0,0.0,0.0,0.0,2.0,0.0,0.0,0.0,0.0,0.0,0.0,0.0,0.0,0.0,0.0,0.0,0.0,0.0,0.0,0.0,0.0,0.0,0.0,0.0,0.0,220.0
